{"cameraMode":{"drawMode":0,"name":"Shaded","section":"Shading Mode"},"sceneLighting":true,"audioPlay":false,"sceneViewState":{"m_AlwaysRefresh":false,"showFog":true,"showSkybox":true,"showFlares":true,"showImageEffects":true,"showParticleSystems":true,"showVisualEffectGraphs":true,"m_FxEnabled":true},"in2DMode":false,"pivot":{"x":265.47998046875,"y":0.6750664710998535,"z":-1.9603557586669922},"rotation":{"x":0.10331345349550247,"y":-0.0059678563848137859,"z":0.0006198881892487407,"w":0.994630753993988},"size":13.6658935546875,"orthographic":false}